beta,gamma,rho
0.20357159966381194,0.11612711011499785,0.29508382704701824
