beta,gamma,rho
0.161604962999016,0.08104347928649898,0.37308535962186007
