metric,value
acceptance_rate,0.23520784026134203
ess_beta,995.4887745750467
ess_gamma,1903.809321620715
ess_rho,1034.1516183778622
