metric,value
acceptance_rate,0.2405413513783793
ess_beta,904.6492938400381
ess_gamma,1950.4784679815505
ess_rho,917.7265767360999
