stage,tolerance_quantile,distance_threshold,population_size,proposal_attempts,acceptance_rate,ess,kernel_sd_beta,kernel_sd_gamma,kernel_sd_rho
1,0.1,0.9664476458795146,300,3172,0.09457755359394704,300.0,0.11189097718617504,0.0404346646011921,0.2253913597063521
2,0.05,0.745123880810721,300,3085,0.09724473257698542,282.13536412583255,0.09024850369100457,0.02864781489567719,0.20419767893878785
3,0.02,0.5549616400818025,300,4040,0.07425742574257425,263.30251753003927,0.0891731977376782,0.021138700253995554,0.19286070395080102
4,0.01,0.46701418583446863,300,4936,0.060777957860615885,276.84366912105855,0.07696251982639966,0.017391656116974887,0.15051200027939413
