stage,tolerance_quantile,distance_threshold,population_size,proposal_attempts,acceptance_rate,ess,kernel_sd_beta,kernel_sd_gamma,kernel_sd_rho
1,0.1,0.7007843064171093,300,2976,0.10080645161290322,300.0,0.1299701842175891,0.025347577320502832,0.2266656861884493
2,0.05,0.5955670410268135,300,2240,0.13392857142857142,279.19690731816564,0.12397948539939194,0.02091840470609187,0.22253740981026432
3,0.02,0.45659992214178347,300,4779,0.06277463904582549,283.53511967975595,0.10505878873471429,0.01666827318067758,0.18344588940666398
4,0.01,0.3832523145198622,300,5386,0.055699962866691426,279.72166900710965,0.10062478352732701,0.013707788109364065,0.16062233809250126
