stage,tolerance_quantile,distance_threshold,population_size,proposal_attempts,acceptance_rate,ess,kernel_sd_beta,kernel_sd_gamma,kernel_sd_rho
1,0.1,1.0221328514141306,300,2741,0.10944910616563298,300.0,0.09819726653636071,0.03896495582209155,0.24843561013777968
2,0.05,0.8202175125188882,300,2824,0.10623229461756374,289.5829933332754,0.0787234931920897,0.027999703459197514,0.2002094422369377
3,0.02,0.6383948754791781,300,3058,0.09810333551340746,280.26619743018324,0.06440491624052921,0.02472017156046111,0.17961576133811324
4,0.01,0.5430486463246467,300,3491,0.08593526210254941,268.42678277428513,0.06519186345385118,0.019284541652280936,0.15633359233957328
