beta,gamma,rho
0.161604962999016,0.08104347928649898,0.37308535962186007
0.14679631646397873,0.08759158809176865,0.09821953394909003
0.23360976282528673,0.0631635504180722,0.38065982431089984
0.10940267859439574,0.050956400708112935,0.1784647757535873
0.11880869507098481,0.06111635870871375,0.17095193633892247
